<?xml version="1.0" encoding="UTF-8"?>
<beans:beans xmlns="http://www.springframework.org/schema/security"
	xmlns:beans="http://www.springframework.org/schema/beans" 
	xmlns:xsi="http://www.w3.org/2001/XMLSchema-instance"
	xsi:schemaLocation="http://www.springframework.org/schema/beans
	http://www.springframework.org/schema/beans/spring-beans.xsd
	http://www.springframework.org/schema/security
	http://www.springframework.org/schema/security/spring-security.xsd">
	 
	  <http auto-config="true"  use-expressions="true">
		<intercept-url pattern="/admin/**" access="hasRole('ROLE_ADMIN')"/>
		<intercept-url pattern="/customer/**" access="hasRole('ROLE_USER')"/>
		<form-login login-page="/loginHere" 
		default-target-url="/login"  authentication-failure-url="/accessdenied"  username-parameter="username"
			password-parameter="password"/>
        <logout delete-cookies="JSESSIONID" logout-url="/logout" logout-success-url="/login?logout"/>
        <csrf disabled="true"/> 
    </http> 	 
	<authentication-manager>
	<authentication-provider>
	<jdbc-user-service data-source-ref="dataSource" 
	     authorities-by-username-query="SELECT username, authority FROM authorities WHERE username = ?"
				users-by-username-query="SELECT username, password, enabled FROM users WHERE username = ? and enabled =true" />
	</authentication-provider>
	</authentication-manager>
	</beans:beans>